4630,Дополнительно,"Размер Одежды",36
4630,Дополнительно,Состояние,Отличное
4630,Дополнительно,"Тип Одежды",Платье
4639,Дополнительно,"Размер Обуви",38
4639,Дополнительно,Состояние,Отличное
4639,Дополнительно,"Тип Обуви",Туфли
4662,Дополнительно,"Размер Одежды",38
4662,Дополнительно,Состояние,Отличное
4662,Дополнительно,"Тип Одежды",Платье
4695,Дополнительно,"Размер Одежды",27
4695,Дополнительно,Состояние,Отличное
4695,Дополнительно,"Тип Одежды",Джинсы
4781,Дополнительно,"Размер Обуви",37
4781,Дополнительно,Состояние,Отличное
4781,Дополнительно,"Тип Обуви",Босоножки
4850,Дополнительно,"Размер Одежды",38
4850,Дополнительно,Состояние,Хорошее
4850,Дополнительно,"Тип Одежды",Джинсы
4934,Дополнительно,"Размер Обуви",38
4934,Дополнительно,Состояние,Отличное
4934,Дополнительно,"Тип Обуви",Туфли
4940,Дополнительно,"Размер Одежды","но возраст 8-9 лет"
4940,Дополнительно,Состояние,Отличное
4940,Дополнительно,"Тип Верхней Одежды",Пуховик
4969,Дополнительно,"Размер Одежды",M
4969,Дополнительно,Состояние,Отличное
4969,Дополнительно,"Тип Одежды",Платье
4972,Дополнительно,"Размер Обуви",37.5
4972,Дополнительно,Состояние,Отличное
4972,Дополнительно,"Тип Обуви",Туфли
5060,Дополнительно,"Размер Одежды",S
5060,Дополнительно,Состояние,Отличное
5060,Дополнительно,"Тип Одежды",Жилетка
5091,Дополнительно,"Размер Обуви",37
5091,Дополнительно,Состояние,Отличное
5091,Дополнительно,"Тип Обуви",Туфли
5101,Дополнительно,"Размер Обуви",37
5101,Дополнительно,Состояние,Отличное
5101,Дополнительно,"Тип Обуви",Туфли
5119,Дополнительно,"Размер Одежды",L
5119,Дополнительно,Состояние,Отличное
5119,Дополнительно,"Тип Одежды",Кофта
5128,Дополнительно,"Размер Одежды",38
5128,Дополнительно,Состояние,Отличное
5128,Дополнительно,"Тип Одежды",Платье
5152,Дополнительно,"Размер Одежды",38
5152,Дополнительно,Состояние,Отличное
5152,Дополнительно,"Тип Одежды",Брюки
5190,Дополнительно,"Размер Обуви",36
5190,Дополнительно,Состояние,Отличное
5190,Дополнительно,"Тип Обуви",Ботинки
5197,Дополнительно,Пол,Мальчик
5197,Дополнительно,"Размер Одежды","на возраст 8 лет"
5197,Дополнительно,Состояние,Отличное
5197,Дополнительно,"Тип Одежды",Реглан
5208,Дополнительно,Пол,Мальчик
5208,Дополнительно,"Размер Одежды","на возраст 8 лет"
5208,Дополнительно,Состояние,Отличное
5208,Дополнительно,"Тип Одежды",Рубашка
5209,Дополнительно,Пол,Девочка
5209,Дополнительно,"Размер Одежды","на возраст 10-11 лет"
5209,Дополнительно,Состояние,Отличное
5209,Дополнительно,"Тип Одежды",Джинсы
5210,Дополнительно,Пол,Девочка
5210,Дополнительно,"Размер Одежды","на возраст 11-12 лет"
5210,Дополнительно,Состояние,Отличное
5210,Дополнительно,"Тип Одежды",Джинсы
5222,Дополнительно,"Размер Одежды",M
5222,Дополнительно,Состояние,Отличное
5222,Дополнительно,"Тип Одежды",Сарафан
5233,Дополнительно,Пол,Мальчик
5233,Дополнительно,"Размер Одежды","на возраст 6 лет"
5233,Дополнительно,Состояние,Отличное
5273,Дополнительно,"Размер Одежды",54
5273,Дополнительно,Состояние,Отличное
5273,Дополнительно,"Тип Верхней Одежды",Пуховик
5308,Дополнительно,"Размер Одежды",26
5308,Дополнительно,Состояние,Отличное
5308,Дополнительно,"Тип Одежды",Джинсы
5324,Дополнительно,"Размер Обуви",39.5
5324,Дополнительно,Состояние,Отличное
5324,Дополнительно,"Тип Обуви",Балетки
5500,Дополнительно,"Размер Обуви",38
5500,Дополнительно,Состояние,Отличное
5500,Дополнительно,"Тип Обуви",Туфли
5508,Дополнительно,"Размер Обуви",40
5508,Дополнительно,Состояние,Отличное
5508,Дополнительно,"Тип Обуви",Балетки
5509,Дополнительно,"Размер Обуви",39
5509,Дополнительно,Состояние,Новое
5509,Дополнительно,"Тип Обуви",Босоножки
5526,Дополнительно,"Размер Обуви",40
5526,Дополнительно,Состояние,Отличное
5526,Дополнительно,"Тип Обуви",Ботинки
5544,Дополнительно,Состояние,Отличное
5544,Дополнительно,"Тип Аксессуара",Очки
5545,Дополнительно,Состояние,Отличное
5545,Дополнительно,"Тип Аксессуара",Очки
5570,Дополнительно,"Размер Обуви",38
5570,Дополнительно,Состояние,Новое
5570,Дополнительно,"Тип Обуви",Ботинки
5583,Дополнительно,"Размер Одежды",38
5583,Дополнительно,Состояние,Отличное
5583,Дополнительно,"Тип Одежды",Платье
5603,Дополнительно,"Размер Обуви",37.5
5603,Дополнительно,Состояние,Отличное
5603,Дополнительно,"Тип Обуви",Босоножки
5614,Дополнительно,"Размер Обуви",39
5614,Дополнительно,Состояние,Отличное
5614,Дополнительно,"Тип Обуви",Туфли
5658,Дополнительно,"Размер Одежды",27
5658,Дополнительно,Состояние,Отличное
5658,Дополнительно,"Тип Одежды",Джинсы
5725,Дополнительно,"Размер Обуви","36 ( на 37 )"
5725,Дополнительно,Состояние,Отличное
5725,Дополнительно,"Тип Обуви",Ботильоны
5728,Дополнительно,"Размер Обуви","36 ( на 37 )"
5728,Дополнительно,Состояние,Отличное
5728,Дополнительно,"Тип Обуви",Туфли
5730,Дополнительно,"Размер Обуви",37
5730,Дополнительно,Состояние,Отличное
5730,Дополнительно,"Тип Обуви",Балетки
5732,Дополнительно,"Размер Обуви",36.5
5732,Дополнительно,Состояние,Отличное
5732,Дополнительно,"Тип Обуви",Босоножки
5734,Дополнительно,Пол,Мальчик
5734,Дополнительно,"Размер Обуви",39
5734,Дополнительно,Состояние,Отличное
5734,Дополнительно,"Тип Обуви",Туфли
5751,Дополнительно,"Размер Обуви",39
5751,Дополнительно,Состояние,Новое
5751,Дополнительно,"Тип Обуви",Балетки
5762,Дополнительно,"Размер Обуви",38
5762,Дополнительно,Состояние,Отличное
5762,Дополнительно,"Тип Обуви",Кроссовки
5763,Дополнительно,"Размер Обуви",38
5763,Дополнительно,Состояние,Отличное
5763,Дополнительно,"Тип Обуви",Кроссовки
5767,Дополнительно,Состояние,Отличное
5767,Дополнительно,"Тип Аксессуара",Очки
5803,Дополнительно,"Размер Обуви",39
5803,Дополнительно,Состояние,Отличное
5803,Дополнительно,"Тип Обуви",Туфли
5806,Дополнительно,"Размер Одежды",XS
5806,Дополнительно,Состояние,Отличное
5806,Дополнительно,"Тип Одежды",Туника
5807,Дополнительно,"Размер Одежды",S
5807,Дополнительно,Состояние,Отличное
5807,Дополнительно,"Тип Одежды",Платье
5821,Дополнительно,"Размер Обуви","36 ( на 37 )"
5821,Дополнительно,Состояние,Отличное
5821,Дополнительно,"Тип Обуви",Сапоги
5825,Дополнительно,"Размер Одежды",40/XS
5825,Дополнительно,Состояние,Отличное
5825,Дополнительно,"Тип Одежды",Платье
5836,Дополнительно,"Размер Одежды",L
5836,Дополнительно,Состояние,Новое
5836,Дополнительно,"Тип Верхней Одежды",Плащ
5848,Дополнительно,Состояние,Отличное
5848,Дополнительно,"Тип Аксессуара","Солнцезащитные очки"
5864,Дополнительно,"Размер Одежды",38
5864,Дополнительно,Состояние,Отличное
5864,Дополнительно,"Тип Одежды",Туника
5876,Дополнительно,"Размер Одежды",40
5876,Дополнительно,Состояние,идеальное
5876,Дополнительно,"Тип Одежды",Сарафан
5879,Дополнительно,"Размер Одежды",S-M
5879,Дополнительно,Состояние,идеальное
5879,Дополнительно,"Тип Одежды",Платье
5880,Дополнительно,"Размер Одежды",M
5880,Дополнительно,Состояние,идеальное
5880,Дополнительно,"Тип Одежды",Туника
5881,Дополнительно,"Размер Одежды",34
5881,Дополнительно,Состояние,Отличное
5881,Дополнительно,"Тип Одежды",Джинсы
5882,Дополнительно,"Размер Одежды",S
5882,Дополнительно,Состояние,Отличное
5882,Дополнительно,"Тип Одежды",Платье
5883,Дополнительно,"Размер Одежды",42
5883,Дополнительно,Состояние,идеальное
5883,Дополнительно,"Тип Одежды",Платье
5884,Дополнительно,"Размер Одежды",40
5884,Дополнительно,Состояние,Новое
5884,Дополнительно,"Тип Верхней Одежды",Пуховик
5887,Дополнительно,"Размер Одежды",S-XS
5887,Дополнительно,Состояние,Отличное
5887,Дополнительно,"Тип Одежды",Платье
5894,Дополнительно,"Размер Одежды",38
5894,Дополнительно,Состояние,Отличное
5894,Дополнительно,"Тип Одежды",Джинсы
5895,Дополнительно,"Размер Одежды",42
5895,Дополнительно,Состояние,Отличное
5895,Дополнительно,"Тип Одежды",Юбка
5896,Дополнительно,"Размер Одежды",S
5896,Дополнительно,Состояние,Отличное
5896,Дополнительно,"Тип Одежды",Платье
5897,Дополнительно,"Размер Одежды",44
5897,Дополнительно,Состояние,идеальное
5897,Дополнительно,"Тип Одежды",Пиджак
5912,Дополнительно,"Размер Обуви",38
5912,Дополнительно,Состояние,Отличное
5912,Дополнительно,"Тип Обуви",Шлепанцы
5915,Дополнительно,"Размер Обуви",38
5915,Дополнительно,Состояние,Отличное
5915,Дополнительно,"Тип Обуви",Туфли
5921,Дополнительно,"Размер Обуви",37
5921,Дополнительно,Состояние,Отличное
5921,Дополнительно,"Тип Обуви",Туфли
5931,Дополнительно,Пол,Мальчик
5931,Дополнительно,"Размер Одежды","на возраст 10 лет"
5931,Дополнительно,Состояние,Отличное
5932,Дополнительно,Пол,Мальчик
5932,Дополнительно,"Размер Одежды","на возраст 10 лет"
5932,Дополнительно,Состояние,Отличное
5938,Дополнительно,"Размер Обуви",8M
5938,Дополнительно,Состояние,Новое
5938,Дополнительно,"Тип Обуви",Ботинки
5939,Дополнительно,"Размер Обуви",38.5
5939,Дополнительно,Состояние,Отличное
5939,Дополнительно,"Тип Обуви",Босоножки
5944,Дополнительно,"Размер Одежды",S
5944,Дополнительно,Состояние,Отличное
5944,Дополнительно,"Тип Одежды",Платье
5945,Дополнительно,"Размер Одежды",S
5945,Дополнительно,Состояние,Отличное
5945,Дополнительно,"Тип Одежды",Свитер
5948,Дополнительно,"Размер Одежды",XS
5948,Дополнительно,Состояние,Отличное
5948,Дополнительно,"Тип Верхней Одежды",Плащ
5951,Дополнительно,"Размер Одежды",XS
5951,Дополнительно,Состояние,Отличное
5951,Дополнительно,"Тип Одежды",Жилетка
5959,Дополнительно,"Размер Обуви",39
5959,Дополнительно,Состояние,Новое
5959,Дополнительно,"Тип Обуви",Сандали
5977,Дополнительно,"Размер Одежды",29
5977,Дополнительно,Состояние,Новое
5977,Дополнительно,"Тип Одежды",Джинсы
5990,Дополнительно,"Размер Одежды",XS
5990,Дополнительно,Состояние,Отличное
5990,Дополнительно,"Тип Одежды",Юбка
6002,Дополнительно,"Размер Одежды",S
6002,Дополнительно,Состояние,Отличное
6002,Дополнительно,"Тип Одежды",Юбка
6003,Дополнительно,"Размер Одежды",40
6003,Дополнительно,Состояние,Отличное
6003,Дополнительно,"Тип Одежды",Платье
6007,Дополнительно,"Размер Одежды",40
6007,Дополнительно,Состояние,Отличное
6007,Дополнительно,"Тип Одежды",Платье
6026,Дополнительно,"Размер Одежды",38
6026,Дополнительно,Состояние,Отличное
6026,Дополнительно,"Тип Одежды",Джинсы
6032,Дополнительно,"Размер Обуви",40
6032,Дополнительно,Состояние,Отличное
6032,Дополнительно,"Тип Обуви",Туфли
6033,Дополнительно,"Размер Обуви",39
6033,Дополнительно,Состояние,Отличное
6033,Дополнительно,"Тип Обуви",Босоножки
6037,Дополнительно,"Размер Обуви",40
6037,Дополнительно,Состояние,Отличное
6037,Дополнительно,"Тип Обуви",Шлепанцы
6038,Дополнительно,"Размер Обуви",40
6038,Дополнительно,Состояние,Отличное
6038,Дополнительно,"Тип Обуви",Босоножки
6039,Дополнительно,"Размер Обуви",39.5
6039,Дополнительно,Состояние,Отличное
6039,Дополнительно,"Тип Обуви",Туфли
6049,Дополнительно,"Размер Одежды",38
6049,Дополнительно,Состояние,Отличное
6049,Дополнительно,"Тип Одежды",Платье
6051,Дополнительно,"Размер Одежды",48
6051,Дополнительно,Состояние,"Отличное "
6061,Дополнительно,"Размер Одежды",38
6061,Дополнительно,Состояние,Отличное
6061,Дополнительно,"Тип Одежды",Костюм
6062,Дополнительно,"Размер Одежды",38
6062,Дополнительно,Состояние,Отличное
6062,Дополнительно,"Тип Одежды",Брюки
6064,Дополнительно,"Размер Одежды",38
6064,Дополнительно,Состояние,Хорошее
6064,Дополнительно,"Тип Одежды",Комбинезон
6072,Дополнительно,"Размер Одежды",38
6072,Дополнительно,Состояние,Отличное
6072,Дополнительно,"Тип Одежды",Платье
6083,Дополнительно,Пол,Девочка
6083,Дополнительно,"Размер Одежды","на возраст 10-11 лет"
6083,Дополнительно,Состояние,"надевали один раз"
6084,Дополнительно,"Размер Обуви",38
6084,Дополнительно,Состояние,Отличное
6084,Дополнительно,"Тип Обуви",Туфли
6087,Дополнительно,"Размер Обуви",39
6087,Дополнительно,Состояние,Новое
6087,Дополнительно,"Тип Обуви",Босоножки
6088,Дополнительно,"Размер Обуви",38.5
6088,Дополнительно,Состояние,Новое
6088,Дополнительно,"Тип Обуви",Босоножки
6091,Дополнительно,"Размер Обуви",38
6091,Дополнительно,Состояние,Отличное
6091,Дополнительно,"Тип Обуви",Босоножки
6092,Дополнительно,"Размер Обуви",38
6092,Дополнительно,Состояние,Отличное
6092,Дополнительно,"Тип Обуви",Туфли
6100,Дополнительно,"Размер Одежды",40
6100,Дополнительно,Состояние,Отличное
6100,Дополнительно,"Тип Одежды",Платье
6137,Дополнительно,Состояние,Отличное
6137,Дополнительно,"Тип Аксессуара",Шляпа
6138,Дополнительно,"Размер Одежды",M
6138,Дополнительно,Состояние,Отличное
6138,Дополнительно,"Тип Аксессуара",Шляпа
6148,Дополнительно,"Размер Обуви",38.5
6148,Дополнительно,Состояние,Отличное
6148,Дополнительно,"Тип Обуви",Босоножки
6153,Дополнительно,"Размер Обуви",36
6153,Дополнительно,Состояние,Новое
6153,Дополнительно,"Тип Обуви",Босоножки
6156,Дополнительно,"Размер Обуви",38
6156,Дополнительно,Состояние,Отличное
6156,Дополнительно,"Тип Обуви",Туфли
6197,Дополнительно,"Размер Одежды",44
6197,Дополнительно,Состояние,Идеальное
6197,Дополнительно,"Тип Верхней Одежды",Жилет
6219,Дополнительно,"Размер Одежды",S
6219,Дополнительно,Состояние,Отличное
6219,Дополнительно,"Тип Одежды",Сарафан
6229,Дополнительно,"Размер Одежды",40
6229,Дополнительно,Состояние,Отличное
6229,Дополнительно,"Тип Одежды",Кофта
6230,Дополнительно,"Размер Одежды",42
6230,Дополнительно,Состояние,Отличное
6230,Дополнительно,"Тип Одежды",Платье
6231,Дополнительно,"Размер Одежды",38
6231,Дополнительно,Состояние,Отличное
6231,Дополнительно,"Тип Одежды",Костюм
6232,Дополнительно,"Размер Одежды",S
6232,Дополнительно,Состояние,Отличное
6232,Дополнительно,"Тип Одежды",Костюм
6237,Дополнительно,"Размер Одежды",42
6237,Дополнительно,Состояние,Отличное
6237,Дополнительно,"Тип Одежды",Рубашка
6262,Дополнительно,"Размер Обуви",37
6262,Дополнительно,Состояние,Отличное
6262,Дополнительно,"Тип Обуви",Балетки
6267,Дополнительно,Состояние,Отличное
6267,Дополнительно,"Тип Аксессуара",Очки
6271,Дополнительно,Состояние,Новое
6271,Дополнительно,"Тип Аксессуара",Очки
6283,Дополнительно,"Размер Одежды",24
6283,Дополнительно,Состояние,Отличное
6283,Дополнительно,"Тип Одежды",Джинсы
6293,Дополнительно,"Размер Одежды",36
6293,Дополнительно,Состояние,Отличное
6293,Дополнительно,"Тип Верхней Одежды",Плащ
6297,Дополнительно,"Размер Одежды",S
6297,Дополнительно,Состояние,Отличное
6297,Дополнительно,"Тип Одежды",Платье
6301,Дополнительно,"Размер Обуви",37
6301,Дополнительно,Состояние,Отличное
6301,Дополнительно,"Тип Обуви",Босоножки
6305,Дополнительно,"Размер Обуви",39
6305,Дополнительно,Состояние,Отличное
6305,Дополнительно,"Тип Обуви",Босоножки
6326,Дополнительно,Состояние,Отличное
6326,Дополнительно,"Тип Сумки",Сумка
6353,Дополнительно,"Размер Одежды",38
6353,Дополнительно,Состояние,Новое
6353,Дополнительно,"Тип Верхней Одежды",Плащ
6369,Дополнительно,"Размер Одежды",42
6369,Дополнительно,Состояние,Отличное
6369,Дополнительно,"Тип Одежды",Рубашка
6382,Дополнительно,"Размер Обуви",39
6382,Дополнительно,Состояние,"без следов носки"
6382,Дополнительно,"Тип Обуви",Туфли
6401,Дополнительно,"Размер Обуви",38
6401,Дополнительно,Состояние,Новое
6401,Дополнительно,"Тип Обуви",Туфли
6430,Дополнительно,"Размер Одежды",38
6430,Дополнительно,Состояние,Отличное
6430,Дополнительно,"Тип Верхней Одежды",Шуба
6446,Дополнительно,"Размер Одежды",S
6446,Дополнительно,Состояние,Отличное
6446,Дополнительно,"Тип Верхней Одежды",Пальто
6467,Дополнительно,"Размер Одежды",42
6467,Дополнительно,Состояние,Новое
6467,Дополнительно,"Тип Одежды",Жилетка
6498,Дополнительно,"Размер Одежды",44
6498,Дополнительно,Состояние,Отличное
6498,Дополнительно,"Тип Одежды",Рубашка
6509,Дополнительно,"Размер Одежды",42
6509,Дополнительно,Состояние,Отличное
6509,Дополнительно,"Тип Верхней Одежды",Полушубок
6513,Дополнительно,"Размер Обуви",38.5
6513,Дополнительно,Состояние,Отличное
6513,Дополнительно,"Тип Обуви",Сапоги
6514,Дополнительно,"Размер Обуви",37
6514,Дополнительно,Состояние,Отличное
6514,Дополнительно,"Тип Обуви",Сапоги
6515,Дополнительно,"Размер Обуви",38
6515,Дополнительно,Состояние,Новое
6515,Дополнительно,"Тип Обуви",Сапоги
6526,Дополнительно,"Размер Обуви",38
6526,Дополнительно,Состояние,Новое
6526,Дополнительно,"Тип Обуви",Туфли
6528,Дополнительно,"Размер Обуви",38
6528,Дополнительно,Состояние,Новое
6528,Дополнительно,"Тип Обуви",Сапоги
6529,Дополнительно,"Размер Обуви",38
6529,Дополнительно,Состояние,Отличное
6529,Дополнительно,"Тип Обуви",Ботинки
6530,Дополнительно,"Размер Одежды",M
6530,Дополнительно,Состояние,Отличное
6530,Дополнительно,"Тип Верхней Одежды",Пуховик
6532,Дополнительно,"Размер Обуви",39
6532,Дополнительно,Состояние,Отличное
6532,Дополнительно,"Тип Обуви",Ботинки
6539,Дополнительно,"Размер Обуви",39
6539,Дополнительно,Состояние,Отличное
6539,Дополнительно,"Тип Обуви",Кеды
6540,Дополнительно,"Размер Обуви",39
6540,Дополнительно,Состояние,Новое
6540,Дополнительно,"Тип Обуви",Сапоги
6544,Дополнительно,"Размер Одежды",38
6544,Дополнительно,Состояние,Отличное
6544,Дополнительно,"Тип Верхней Одежды",Куртка
6547,Дополнительно,"Размер Обуви",39
6547,Дополнительно,Состояние,Отличное
6547,Дополнительно,"Тип Обуви",Туфли
6556,Дополнительно,Состояние,Отличное
6556,Дополнительно,"Тип Сумки",Сумка
6563,Дополнительно,"Размер Одежды",M
6563,Дополнительно,Состояние,Отличное
6563,Дополнительно,"Тип Верхней Одежды",Пуховик
6576,Дополнительно,"Размер Одежды",40
6576,Дополнительно,Состояние,Отличное
6576,Дополнительно,"Тип Верхней Одежды","Кожаная Куртка"
6583,Дополнительно,"Размер Одежды",34
6583,Дополнительно,Состояние,Отличное
6583,Дополнительно,"Тип Одежды",Джинсы
6585,Дополнительно,"Размер Обуви",39.5
6585,Дополнительно,Состояние,Отличное
6585,Дополнительно,"Тип Обуви",Туфли
6586,Дополнительно,"Размер Обуви",39.5
6586,Дополнительно,Состояние,Отличное
6586,Дополнительно,"Тип Обуви",Туфли
6588,Дополнительно,Состояние,Отличное
6588,Дополнительно,"Тип Сумки",Сумка
6595,Дополнительно,"Размер Одежды",38
6595,Дополнительно,Состояние,Отличное
6595,Дополнительно,"Тип Верхней Одежды",Пуховик
6614,Дополнительно,"Размер Обуви",38
6614,Дополнительно,Состояние,Отличное
6614,Дополнительно,"Тип Обуви","Сникерсы "
6615,Дополнительно,"Размер Обуви",40
6615,Дополнительно,Состояние,Новое
6615,Дополнительно,"Тип Обуви",Босоножки
6628,Дополнительно,"Размер Одежды",S
6628,Дополнительно,Состояние,Отличное
6628,Дополнительно,"Тип Одежды",Платье
6637,Дополнительно,"Размер Обуви",40
6637,Дополнительно,Состояние,идеальное
6637,Дополнительно,"Тип Обуви",Ботильоны
6639,Дополнительно,"Размер Обуви",37.5
6639,Дополнительно,Состояние,Отличное
6639,Дополнительно,"Тип Обуви",Ботинки
6670,Дополнительно,"Размер Одежды",S
6670,Дополнительно,Состояние,Идиальное
6670,Дополнительно,"Тип Одежды",Платье
6682,Дополнительно,Пол,Мальчик
6682,Дополнительно,Состояние,Отличное
6683,Дополнительно,Пол,Мальчик
6683,Дополнительно,"Размер Одежды","на возраст 5-6 лет"
6683,Дополнительно,Состояние,Отличное
6683,Дополнительно,"Тип Одежды",Джинсы
6684,Дополнительно,Пол,Мальчик
6684,Дополнительно,"Размер Одежды","на возраст 10 лет"
6684,Дополнительно,Состояние,Отличное
6684,Дополнительно,"Тип Верхней Одежды",Куртка
6685,Дополнительно,Пол,Девочка
6685,Дополнительно,"Размер Одежды","но возраст 8 лет"
6685,Дополнительно,Состояние,Отличное
6685,Дополнительно,"Тип Одежды",Болеро
6689,Дополнительно,"Размер Одежды",M
6689,Дополнительно,Состояние,Отличное
6689,Дополнительно,"Тип Верхней Одежды","Вязаная Куртка"
6693,Дополнительно,Пол,Девочка
6693,Дополнительно,Состояние,Отличное
6694,Дополнительно,Пол,Девочка
6694,Дополнительно,Состояние,Отличное
6696,Дополнительно,"Размер Одежды",38
6696,Дополнительно,Состояние,Отличное
6696,Дополнительно,"Тип Одежды",Платье
6697,Дополнительно,"Размер Одежды",40
6697,Дополнительно,Состояние,Отличное
6697,Дополнительно,"Тип Одежды",Штаны
6698,Дополнительно,Состояние,Отличное
6698,Дополнительно,"Тип Сумки",Сумка
6699,Дополнительно,"Размер Одежды",S
6699,Дополнительно,Состояние,Отличное
6699,Дополнительно,"Тип Одежды",Рубашка
6702,Дополнительно,"Размер Одежды",S
6702,Дополнительно,Состояние,Отличное
6702,Дополнительно,"Тип Одежды",жакет
6703,Дополнительно,Пол,Девочка
6703,Дополнительно,"Размер Одежды"," на возраст 8 лет"
6703,Дополнительно,Состояние,Отличное
6703,Дополнительно,"Тип Одежды",Гольф
6707,Дополнительно,Пол,Мальчик
6707,Дополнительно,"Размер Одежды","на возраст 8 лет"
6707,Дополнительно,Состояние,Отличное
6707,Дополнительно,"Тип Верхней Одежды",Дубленка
6714,Дополнительно,"Размер Обуви",38
6714,Дополнительно,Состояние,Отличное
6714,Дополнительно,"Тип Обуви",Сапоги
6715,Дополнительно,"Размер Одежды",40
6715,Дополнительно,Состояние,Новое
6715,Дополнительно,"Тип Одежды",Платье
6716,Дополнительно,"Размер Одежды",36
6716,Дополнительно,Состояние,Новое
6716,Дополнительно,"Тип Одежды",Платье
6719,Дополнительно,Пол,Девочка
6719,Дополнительно,"Размер Обуви",32
6719,Дополнительно,Состояние,Новое
6719,Дополнительно,"Тип Обуви",Сапоги
6726,Дополнительно,"Размер Одежды",44
6726,Дополнительно,Состояние,Отличное
6726,Дополнительно,"Тип Одежды","Двойка ( платье и жакет )"
6735,Дополнительно,"Размер Одежды",40
6735,Дополнительно,Состояние,Новое
6735,Дополнительно,"Тип Одежды",Рубашка
6736,Дополнительно,"Размер Одежды",42
6736,Дополнительно,Состояние,Отличное
6736,Дополнительно,"Тип Одежды",Платье
6737,Дополнительно,"Размер Одежды",S
6737,Дополнительно,Состояние,Отличное
6737,Дополнительно,"Тип Одежды",Футболка
6741,Дополнительно,"Размер Одежды",44
6741,Дополнительно,Состояние,Новое
6741,Дополнительно,"Тип Верхней Одежды",Плащ
6744,Дополнительно,Пол,Девочка
6744,Дополнительно,"Размер Одежды","на возраст 10 лет"
6744,Дополнительно,Состояние,Отличное
6744,Дополнительно,"Тип Верхней Одежды",Пуховик
6745,Дополнительно,"Размер Обуви",38
6745,Дополнительно,Состояние,Отличное
6745,Дополнительно,"Тип Обуви",Ботинки
6746,Дополнительно,"Размер Обуви",40
6746,Дополнительно,Состояние,Отличное
6746,Дополнительно,"Тип Обуви",Ботинки
6747,Дополнительно,"Размер Обуви",38
6747,Дополнительно,Состояние,Отличное
6747,Дополнительно,"Тип Обуви",Ботинки
6748,Дополнительно,"Размер Одежды",38
6748,Дополнительно,Состояние,Новое
6748,Дополнительно,"Тип Одежды",Платье
6764,Дополнительно,"Размер Обуви",39
6764,Дополнительно,Состояние,Новое
6764,Дополнительно,"Тип Обуви",Туфли
6765,Дополнительно,"Размер Обуви",39
6765,Дополнительно,Состояние,Новое
6765,Дополнительно,"Тип Обуви",Туфли
6782,Дополнительно,"Размер Обуви",38.5
6782,Дополнительно,Состояние,Отличное
6782,Дополнительно,"Тип Обуви",Туфли
6783,Дополнительно,"Размер Обуви",38
6783,Дополнительно,Состояние,Отличное
6783,Дополнительно,"Тип Обуви",Туфли
6784,Дополнительно,"Размер Обуви",37.5
6784,Дополнительно,Состояние,Отличное
6784,Дополнительно,"Тип Обуви",Туфли
6785,Дополнительно,"Размер Обуви",38
6785,Дополнительно,Состояние,Отличное
6785,Дополнительно,"Тип Обуви",Туфли
6786,Дополнительно,"Размер Обуви",38
6786,Дополнительно,Состояние,Отличное
6786,Дополнительно,"Тип Обуви",Ботильоны
6787,Дополнительно,"Размер Обуви",38
6787,Дополнительно,Состояние,Отличное
6787,Дополнительно,"Тип Обуви",Ботильоны
6791,Дополнительно,"Размер Одежды",M
6791,Дополнительно,Состояние,Отличное
6791,Дополнительно,"Тип Одежды",Платье
6792,Дополнительно,"Размер Одежды",40
6792,Дополнительно,Состояние,Отличное
6792,Дополнительно,"Тип Одежды",Платье
6793,Дополнительно,"Размер Обуви",38
6793,Дополнительно,Состояние,Отличное
6793,Дополнительно,"Тип Обуви",Туфли
6794,Дополнительно,"Размер Одежды",M
6794,Дополнительно,Состояние,Отличное
6794,Дополнительно,"Тип Одежды",Кофта
6795,Дополнительно,"Размер Обуви",38
6795,Дополнительно,Состояние,Отличное
6795,Дополнительно,"Тип Обуви",Ботильоны
6801,Дополнительно,"Размер Обуви","39.5 ( маломерят на пол размера )"
6801,Дополнительно,Состояние,Отличное
6803,Дополнительно,"Размер Обуви",37
6803,Дополнительно,Состояние,Новое
6803,Дополнительно,"Тип Обуви",Туфли
6806,Дополнительно,"Размер Обуви",38.5
6806,Дополнительно,Состояние,"Обуты один раз"
6806,Дополнительно,"Тип Обуви",Ботинки
6809,Дополнительно,"Размер Одежды",M
6809,Дополнительно,Состояние,Отличное
6809,Дополнительно,"Тип Одежды",Платье
6813,Дополнительно,"Размер Одежды",M
6813,Дополнительно,Состояние,Отличное
6813,Дополнительно,"Тип Одежды",Кардиган
6819,Дополнительно,"Размер Одежды",40
6819,Дополнительно,Состояние,Отличное
6819,Дополнительно,"Тип Верхней Одежды","Кожаная Куртка"
6820,Дополнительно,"Размер Одежды",M
6820,Дополнительно,Состояние,Отличное
6820,Дополнительно,"Тип Верхней Одежды","Кожаная Куртка"
6821,Дополнительно,Пол,Унисекс
6821,Дополнительно,Состояние,Новое
6821,Дополнительно,"Тип Аксессуара","Головной Убор"
6824,Дополнительно,"Размер Обуви",37
6824,Дополнительно,Состояние,Отличное
6824,Дополнительно,"Тип Обуви",Сапоги
6832,Дополнительно,Состояние,Отличное
6832,Дополнительно,"Тип Сумки",Сумка
6872,Дополнительно,"Размер Обуви",38.5
6872,Дополнительно,Состояние,"обуты один раз"
6872,Дополнительно,"Тип Обуви",Туфли
6873,Дополнительно,"Размер Обуви",39
6873,Дополнительно,Состояние,Отличное
6873,Дополнительно,"Тип Обуви",Туфли
6874,Дополнительно,"Размер Обуви",39.5
6874,Дополнительно,Состояние,Отличное
6874,Дополнительно,"Тип Обуви",Ботинки
6878,Дополнительно,"Размер Одежды","Указан L ( реально S-M )"
6878,Дополнительно,Состояние,Отличное
6878,Дополнительно,"Тип Одежды",Кофта
6879,Дополнительно,"Размер Одежды","6 ( M )"
6879,Дополнительно,Состояние,Отличное
6879,Дополнительно,"Тип Одежды",Платье
6880,Дополнительно,"Размер Одежды","2 ( S )"
6880,Дополнительно,Состояние,Отличное
6880,Дополнительно,"Тип Одежды",Платье
6881,Дополнительно,"Размер Одежды","6 ( M )"
6881,Дополнительно,Состояние,Новое
6881,Дополнительно,"Тип Одежды",Платье
6882,Дополнительно,"Размер Одежды",S
6882,Дополнительно,Состояние,Отличное
6882,Дополнительно,"Тип Одежды",Платье
6883,Дополнительно,"Размер Одежды",S
6883,Дополнительно,Состояние,Отличное
6883,Дополнительно,"Тип Одежды",Платье
6888,Дополнительно,"Размер Обуви",37
6888,Дополнительно,Состояние,Отличное
6888,Дополнительно,"Тип Обуви",Туфли
6890,Дополнительно,Состояние,Отличное
6890,Дополнительно,"Тип Сумки",Сумка
6891,Дополнительно,"Размер Обуви",38
6891,Дополнительно,Состояние,Отличное
6891,Дополнительно,"Тип Обуви",Босоножки
6895,Дополнительно,"Размер Обуви",37
6895,Дополнительно,Состояние,Отличное
6895,Дополнительно,"Тип Обуви",Туфли
6900,Дополнительно,"Размер Обуви",37
6900,Дополнительно,Состояние,Отличное
6900,Дополнительно,"Тип Обуви",Туфли
6909,Дополнительно,Пол,Девочка
6909,Дополнительно,"Размер Одежды","на возраст 8 лет"
6909,Дополнительно,Состояние,Отличное
6909,Дополнительно,"Тип Одежды",Свитер
6910,Дополнительно,Пол,Девочка
6910,Дополнительно,"Размер Одежды","на возраст 8 лет"
6910,Дополнительно,Состояние,Отличное
6910,Дополнительно,"Тип Одежды",Кофта
6935,Дополнительно,"Размер Одежды","2 ( S-M )"
6935,Дополнительно,Состояние,Новое
6935,Дополнительно,"Тип Одежды",Платье
6936,Дополнительно,"Размер Одежды",42
6936,Дополнительно,Состояние,"Надевали один раз "
6936,Дополнительно,"Тип Верхней Одежды",Шуба
6938,Дополнительно,Состояние,Отличное
6938,Дополнительно,"Тип Сумки",Сумка
6939,Дополнительно,"Размер Обуви","39 ( по стельке 25 см )"
6939,Дополнительно,Состояние,Отличное
6939,Дополнительно,"Тип Обуви",Шлепанцы
6941,Дополнительно,"Размер Одежды",S
6941,Дополнительно,Состояние,Отличное
6941,Дополнительно,"Тип Одежды",Кофта
6943,Дополнительно,Пол,Девочка
6943,Дополнительно,"Размер Обуви",32
6943,Дополнительно,Состояние,идеальное
6944,Дополнительно,Пол,Девочка
6944,Дополнительно,"Размер Обуви",33
6944,Дополнительно,Состояние,Отличное
6947,Дополнительно,Состояние,идеальное
6947,Дополнительно,"Тип Сумки",Рюкзак
6948,Дополнительно,"Размер Обуви",39
6948,Дополнительно,Состояние,Отличное
6948,Дополнительно,"Тип Обуви",Туфли
6949,Дополнительно,"Размер Одежды",L
6949,Дополнительно,Состояние,Отличное
6949,Дополнительно,"Тип Верхней Одежды",Шуба
6962,Дополнительно,"Размер Одежды",36С
6962,Дополнительно,Состояние,Отличное
6962,Дополнительно,"Тип Обуви",Босоножки
6963,Дополнительно,"Размер Обуви",38
6963,Дополнительно,Состояние,Отличное
6963,Дополнительно,"Тип Обуви",Туфли
6970,Дополнительно,"Размер Обуви",37
6970,Дополнительно,Состояние,Отличное
6970,Дополнительно,"Тип Обуви",Туфли
6977,Дополнительно,"Размер Обуви",38.5
6977,Дополнительно,Состояние,Новое
6977,Дополнительно,"Тип Обуви",Сандали
6978,Дополнительно,"Размер Обуви",38.5
6978,Дополнительно,Состояние,Новое
6978,Дополнительно,"Тип Обуви",Туфли
6981,Дополнительно,"Размер Обуви",36
6981,Дополнительно,Состояние,Идеальное
6981,Дополнительно,"Тип Обуви",Босоножки
6982,Дополнительно,Состояние,Отличное
6982,Дополнительно,"Тип Сумки",Сумка
6988,Дополнительно,"Размер Обуви",37.5
6988,Дополнительно,Состояние,Отличное
6988,Дополнительно,"Тип Обуви",Ботинки
6990,Дополнительно,Состояние,"Отличное, без царапин и пятен"
6990,Дополнительно,"Тип Сумки",Сумка
6991,Дополнительно,"Размер Обуви",38
6991,Дополнительно,Состояние,Отличное
6991,Дополнительно,"Тип Обуви",Кроссовки
6992,Дополнительно,"Размер Обуви",38
6992,Дополнительно,Состояние,Отличное
6992,Дополнительно,"Тип Обуви",Ботинки
6997,Дополнительно,"Размер Обуви",35.5
6997,Дополнительно,Состояние,Отличное
6997,Дополнительно,"Тип Обуви",Босоножки
6998,Дополнительно,"Размер Обуви",36.5
6998,Дополнительно,Состояние,Отличное
6998,Дополнительно,"Тип Обуви",Босоножки
6999,Дополнительно,"Размер Обуви",36.5
6999,Дополнительно,Состояние,Отличное
6999,Дополнительно,"Тип Обуви",Ботильоны
7000,Дополнительно,"Размер Обуви",36
7000,Дополнительно,Состояние,Отличное
7000,Дополнительно,"Тип Обуви",Ботильоны
7003,Дополнительно,"Размер Обуви",38
7003,Дополнительно,Состояние,Отличное
7003,Дополнительно,"Тип Обуви",Босоножки
7005,Дополнительно,"Размер Обуви",38
7005,Дополнительно,Состояние,Отличное
7005,Дополнительно,"Тип Обуви",Босоножки
7008,Дополнительно,"Размер Обуви",37
7008,Дополнительно,Состояние,Отличное
7008,Дополнительно,"Тип Обуви",Кеды
7013,Дополнительно,"Размер Одежды",38
7013,Дополнительно,Состояние,Идеальное
7013,Дополнительно,"Тип Одежды",Платье
7021,Дополнительно,"Размер Обуви",37.5
7021,Дополнительно,Состояние,Отличное
7021,Дополнительно,"Тип Обуви",Ботинки
7026,Дополнительно,"Размер Обуви",39
7026,Дополнительно,Состояние,Новое
7026,Дополнительно,"Тип Обуви",Кроссовки
7027,Дополнительно,Состояние,Отличное
7027,Дополнительно,"Тип Сумки",Сумка
7034,Дополнительно,"Размер Обуви",37
7034,Дополнительно,Состояние,Отличное
7034,Дополнительно,"Тип Обуви",Кеды
7042,Дополнительно,"Размер Обуви",35
7042,Дополнительно,Состояние,Новое
7042,Дополнительно,"Тип Обуви",Туфли
7043,Дополнительно,"Размер Обуви",36
7043,Дополнительно,Состояние,Отличное
7043,Дополнительно,"Тип Обуви",Босоножки
7049,Дополнительно,Состояние,Отличное
7049,Дополнительно,"Тип Украшений",Браслет
7050,Дополнительно,"Размер Одежды",34
7050,Дополнительно,Состояние,Отличное
7050,Дополнительно,"Тип Одежды",Гольф
7052,Дополнительно,"Размер Обуви",39
7052,Дополнительно,Состояние,Новое
7052,Дополнительно,"Тип Обуви",Шлепанцы
7055,Дополнительно,"Размер Обуви",40
7055,Дополнительно,Состояние,Отличное
7055,Дополнительно,"Тип Обуви",Босоножки
7060,Дополнительно,"Размер Обуви",39C
7060,Дополнительно,Состояние,"Идеальное! Без следов носки!"
7060,Дополнительно,"Тип Обуви",Ботинки
7068,Дополнительно,"Размер Обуви",36.5
7068,Дополнительно,Состояние,Новое
7068,Дополнительно,"Тип Обуви",Туфли
7069,Дополнительно,"Размер Обуви",37
7069,Дополнительно,Состояние,Новое
7069,Дополнительно,"Тип Обуви",Туфли
7073,Дополнительно,Состояние,"Идеальное ( как новая )"
7073,Дополнительно,"Тип Сумки",Сумка
7075,Дополнительно,"Размер Одежды",38
7075,Дополнительно,Состояние,Отличное
7075,Дополнительно,"Тип Одежды",Кофта
7077,Дополнительно,"Размер Обуви","37.5 ( но реально на полный 38 )"
7077,Дополнительно,Состояние,Отличное
7077,Дополнительно,"Тип Обуви",Туфли
7078,Дополнительно,"Размер Обуви","8 ( 37.5 )"
7078,Дополнительно,Состояние,Отличное
7078,Дополнительно,"Тип Обуви",Туфли
7080,Дополнительно,"Размер Обуви",37
7080,Дополнительно,Состояние,Отличное
7080,Дополнительно,"Тип Обуви",Босоножки
7083,Дополнительно,"Размер Обуви",37.5
7083,Дополнительно,Состояние,"идеальное "
7083,Дополнительно,"Тип Обуви",Туфли
7087,Дополнительно,"Размер Обуви",38
7087,Дополнительно,Состояние,Отличное
7087,Дополнительно,"Тип Обуви",Босоножки
7089,Дополнительно,Состояние,Идеальное
7089,Дополнительно,"Тип Сумки",Сумка
7090,Дополнительно,"Размер Обуви",38
7090,Дополнительно,Состояние,идеальное
7090,Дополнительно,"Тип Обуви",Туфли
7091,Дополнительно,"Размер Обуви",35
7091,Дополнительно,Состояние,идеальное
7091,Дополнительно,"Тип Обуви",Сабо
7095,Дополнительно,Пол,Мальчик
7095,Дополнительно,"Размер Одежды","на возраст 10 лет и рост 140см"
7095,Дополнительно,Состояние,"идеальное "
7095,Дополнительно,"Тип Верхней Одежды","детская куртка"
7096,Дополнительно,Пол,Мальчик
7096,Дополнительно,"Размер Одежды","на возраст 6 лет и рост 130см"
7096,Дополнительно,Состояние,Отличное
7096,Дополнительно,"Тип Верхней Одежды",ветровка
7097,Дополнительно,Пол,Мальчик
7097,Дополнительно,"Размер Одежды","на возраст 10 лет и рост 140 см"
7097,Дополнительно,Состояние,Отличное
7097,Дополнительно,"Тип Верхней Одежды",ветровка
7101,Дополнительно,Состояние,Отличное
7101,Дополнительно,"Тип Сумки",Сумка
7105,Дополнительно,"Размер Одежды",36
7105,Дополнительно,Состояние,Новое
7105,Дополнительно,"Тип Верхней Одежды",Пальто
7108,Дополнительно,"Размер Одежды",40
7108,Дополнительно,Состояние,Отличное
7108,Дополнительно,"Тип Одежды",Джинсы
7109,Дополнительно,"Размер Обуви",37
7109,Дополнительно,Состояние,Отличное
7109,Дополнительно,"Тип Обуви",Ботильоны
7113,Дополнительно,"Размер Одежды",34
7113,Дополнительно,Состояние,Отличное
7113,Дополнительно,"Тип Одежды",Платье
7114,Дополнительно,Состояние,"Состояние идеальное"
7114,Дополнительно,"Тип Сумки",Сумка
7115,Дополнительно,Состояние,"Состояние идеальное. Без нюансов"
7115,Дополнительно,"Тип Сумки",Сумка
7116,Дополнительно,"Размер Одежды",S
7116,Дополнительно,Состояние,Отличное
7116,Дополнительно,"Тип Одежды",Платье
7117,Дополнительно,"Размер Одежды",S
7117,Дополнительно,Состояние,Отличное
7117,Дополнительно,"Тип Одежды",Платье
7119,Дополнительно,Состояние,Отличное
7119,Дополнительно,"Тип Аксессуара",Ремень
7120,Дополнительно,"Размер Обуви",38
7120,Дополнительно,Состояние,Отличное
7120,Дополнительно,"Тип Обуви",Босоножки
7123,Дополнительно,"Размер Одежды","Указан размер XL но реально на M - L"
7123,Дополнительно,Состояние,Отличное
7123,Дополнительно,"Тип Одежды",Кофта
7124,Дополнительно,"Размер Обуви","10.5 ( по стельке 28.5 см )"
7124,Дополнительно,Состояние,Идиальное
7125,Дополнительно,"Размер Обуви",44
7125,Дополнительно,Состояние,Новое
7127,Дополнительно,"Размер Обуви",37
7127,Дополнительно,Состояние,"Без следов носки"
7127,Дополнительно,"Тип Обуви",Туфли
7132,Дополнительно,Состояние,Отличное
7132,Дополнительно,"Тип Сумки",Сумка
7133,Дополнительно,Состояние,"Отличное! но есть небольшие царапины "
7133,Дополнительно,"Тип Сумки",Сумка
7134,Дополнительно,"Размер Одежды",42
7134,Дополнительно,Состояние,"Без следов носки. Новая"
7134,Дополнительно,"Тип Верхней Одежды",Куртка
7139,Дополнительно,"Размер Одежды",42
7139,Дополнительно,Состояние,"Без следов носки"
7139,Дополнительно,"Тип Одежды",Юбка
7140,Дополнительно,"Размер Одежды",42
7140,Дополнительно,Состояние,"Состояние новой вещи."
7140,Дополнительно,"Тип Верхней Одежды","Шуба из меха шиншиллы"
7141,Дополнительно,"Размер Обуви",38
7141,Дополнительно,Состояние,Отличное
7141,Дополнительно,"Тип Обуви",Сапоги
7142,Дополнительно,"Размер Обуви",38.5
7142,Дополнительно,Состояние,Отличное
7142,Дополнительно,"Тип Обуви",Кроссовки
7143,Дополнительно,Состояние,идеальное
7143,Дополнительно,"Тип Сумки",Сумка
7144,Дополнительно,Состояние,Отличное
7144,Дополнительно,"Тип Сумки",Сумка
7147,Дополнительно,Состояние,Отличное
7147,Дополнительно,"Тип Сумки",Сумка
7148,Дополнительно,"Размер Одежды",L
7148,Дополнительно,Состояние,"В идеальном состоянии "
7148,Дополнительно,"Тип Верхней Одежды","шуба - пальто стриженая норка"
7151,Дополнительно,"Размер Одежды",38
7151,Дополнительно,Состояние,Отличное
7151,Дополнительно,"Тип Верхней Одежды","пуховое пальто"
7154,Дополнительно,"Размер Обуви",39
7154,Дополнительно,Состояние,Отличное
7154,Дополнительно,"Тип Обуви",Ботильоны
7159,Дополнительно,"Размер Обуви",38
7159,Дополнительно,Состояние,"Обуты пару раз"
7159,Дополнительно,"Тип Обуви",Туфли
7165,Дополнительно,"Размер Обуви",38
7165,Дополнительно,Состояние,Хорошее
7165,Дополнительно,"Тип Обуви",Туфли
7166,Дополнительно,"Размер Обуви",38.5
7166,Дополнительно,Состояние,Отличное
7166,Дополнительно,"Тип Обуви",Туфли
7171,Дополнительно,"Размер Обуви",39
7171,Дополнительно,Состояние,Отличное
7171,Дополнительно,"Тип Обуви",Босоножки
7172,Дополнительно,"Размер Обуви",39
7172,Дополнительно,Состояние,Отличное
7172,Дополнительно,"Тип Обуви",Босоножки
7173,Дополнительно,"Размер Одежды",38
7173,Дополнительно,Состояние,Отличное
7173,Дополнительно,"Тип Одежды",Платье
7175,Дополнительно,"Размер Одежды",40
7175,Дополнительно,Состояние,Отличное
7175,Дополнительно,"Тип Одежды",Платье
7176,Дополнительно,"Размер Одежды",40
7176,Дополнительно,Состояние,идеальное
7176,Дополнительно,"Тип Одежды",Платье
7177,Дополнительно,"Размер Одежды",40
7177,Дополнительно,Состояние,Отличное
7177,Дополнительно,"Тип Одежды",Платье
7178,Дополнительно,"Размер Одежды",40
7178,Дополнительно,Состояние,Отличное
7178,Дополнительно,"Тип Одежды",Платье
7180,Дополнительно,Состояние,Отличное
7180,Дополнительно,"Тип Сумки","сумка shopper"
7182,Дополнительно,"Размер Одежды",42
7182,Дополнительно,Состояние,Отличное
7182,Дополнительно,"Тип Одежды",Платье
7183,Дополнительно,Состояние,"Идеальное "
7183,Дополнительно,"Тип Сумки",Сумка
7185,Дополнительно,"Размер Обуви",39
7185,Дополнительно,Состояние,Отличное
7185,Дополнительно,"Тип Обуви",Балетки
7186,Дополнительно,Состояние,Идеальное
7186,Дополнительно,"Тип Сумки","Сумка из Кожи Крокодила "
7191,Дополнительно,Состояние,Отличное
7191,Дополнительно,"Тип Аксессуара",Очки
7193,Дополнительно,"Размер Обуви",38.5
7193,Дополнительно,Состояние,Отличное
7193,Дополнительно,"Тип Обуви",Босоножки
7194,Дополнительно,"Размер Одежды",38
7194,Дополнительно,Состояние,Отличное
7194,Дополнительно,"Тип Одежды",Майка
7196,Дополнительно,Состояние,Отличное
7196,Дополнительно,"Тип Сумки",Сумка
7199,Дополнительно,"Размер Одежды",52
7199,Дополнительно,Состояние,Отличное
7201,Дополнительно,"Размер Одежды",M
7201,Дополнительно,Состояние,Отличное
7202,Дополнительно,"Размер Обуви",37.5
7202,Дополнительно,Состояние,Отличное
7202,Дополнительно,"Тип Обуви",Кеды
7205,Дополнительно,"Размер Обуви",38
7205,Дополнительно,Состояние,Отличное
7205,Дополнительно,"Тип Обуви",Туфли
7206,Дополнительно,"Размер Обуви",37
7206,Дополнительно,Состояние,Отличное
7206,Дополнительно,"Тип Обуви",Туфли
7208,Дополнительно,"Размер Обуви",37
7208,Дополнительно,Состояние,Отличное
7208,Дополнительно,"Тип Обуви",Босоножки
7209,Дополнительно,"Размер Обуви",37
7209,Дополнительно,Состояние,Новое
7209,Дополнительно,"Тип Обуви",Босоножки
7210,Дополнительно,"Размер Обуви",40
7210,Дополнительно,Состояние,Отличное
7210,Дополнительно,"Тип Обуви",Босоножки
7214,Дополнительно,Состояние,Отличное
7215,Дополнительно,"Размер Обуви",39
7215,Дополнительно,Состояние,Отличное
7215,Дополнительно,"Тип Обуви",Туфли
7217,Дополнительно,"Размер Одежды",44
7217,Дополнительно,Состояние,Отличное
7217,Дополнительно,"Тип Одежды",Платье
7219,Дополнительно,"Размер Обуви",38
7219,Дополнительно,Состояние,Новое
7219,Дополнительно,"Тип Обуви",Босоножки
7222,Дополнительно,"Размер Одежды",26
7222,Дополнительно,Состояние,Отличное
7222,Дополнительно,"Тип Одежды",Джинсы
7223,Дополнительно,"Размер Одежды",38
7223,Дополнительно,Состояние,Отличное
7223,Дополнительно,"Тип Одежды",Джинсы
7224,Дополнительно,"Размер Одежды",42
7224,Дополнительно,Состояние,Отличное
7224,Дополнительно,"Тип Одежды",Джинсы
7225,Дополнительно,"Размер Обуви","39 ( по стельке 25 см )"
7225,Дополнительно,Состояние,Новое
7225,Дополнительно,"Тип Обуви",Босоножки
7226,Дополнительно,"Размер Одежды",M
7226,Дополнительно,Состояние,Отличное
7226,Дополнительно,"Тип Одежды",Футболка
7228,Дополнительно,"Размер Одежды",48
7228,Дополнительно,Состояние,Отличное
7228,Дополнительно,"Тип Одежды",Реглан
7229,Дополнительно,"Размер Одежды",48
7229,Дополнительно,Состояние,Отличное
7229,Дополнительно,"Тип Одежды",Футболка
7232,Дополнительно,"Размер Обуви",41
7232,Дополнительно,Состояние,Новое
7232,Дополнительно,"Тип Обуви",Босоножки
7233,Дополнительно,"Размер Обуви",40
7233,Дополнительно,Состояние,Новое
7233,Дополнительно,"Тип Обуви",Босоножки
7234,Дополнительно,"Размер Обуви",41
7234,Дополнительно,Состояние,Отличное
7234,Дополнительно,"Тип Обуви",Шлепанцы
7238,Дополнительно,"Размер Одежды",S
7238,Дополнительно,Состояние,Отличное
7238,Дополнительно,"Тип Одежды",свитшот
7240,Дополнительно,Пол,Мальчик
7240,Дополнительно,"Размер Одежды","на возраст 14 лет и рост 164 см"
7240,Дополнительно,Состояние,Новое
7241,Дополнительно,"Размер Обуви",37.5
7241,Дополнительно,Состояние,Отличное
7241,Дополнительно,"Тип Обуви",Балетки
7243,Дополнительно,"Размер Обуви",38
7243,Дополнительно,Состояние,Отличное
7243,Дополнительно,"Тип Обуви",Туфли
7245,Дополнительно,"Размер Одежды",40
7245,Дополнительно,Состояние,Отличное
7245,Дополнительно,"Тип Одежды",Туника
7246,Дополнительно,"Размер Одежды",38
7246,Дополнительно,Состояние,Отличное
7246,Дополнительно,"Тип Одежды",Рубашка
7247,Дополнительно,"Размер Одежды",38
7247,Дополнительно,Состояние,Отличное
7247,Дополнительно,"Тип Одежды",Рубашка
7248,Дополнительно,"Размер Одежды",42
7248,Дополнительно,Состояние,Отличное
7248,Дополнительно,"Тип Одежды",Сарафан
7249,Дополнительно,"Размер Одежды",42
7249,Дополнительно,Состояние,Отличное
7249,Дополнительно,"Тип Одежды",капри
7250,Дополнительно,"Размер Обуви",39
7250,Дополнительно,Состояние,Отличное
7250,Дополнительно,"Тип Обуви",Босоножки
7251,Дополнительно,"Размер Обуви",36
7251,Дополнительно,Состояние,Новое
7251,Дополнительно,"Тип Обуви",Ботильоны
7256,Дополнительно,Состояние,Отличное
7256,Дополнительно,"Тип Сумки",Кошелек
7259,Дополнительно,"Размер Обуви",37
7259,Дополнительно,Состояние,Отличное
7259,Дополнительно,"Тип Обуви",Туфли
7260,Дополнительно,"Размер Обуви","38.5 ( по стельке 25 см )"
7260,Дополнительно,Состояние,идеальное
7260,Дополнительно,"Тип Обуви",Туфли
7261,Дополнительно,"Размер Обуви",36
7261,Дополнительно,Состояние,Отличное
7261,Дополнительно,"Тип Обуви",Туфли
7262,Дополнительно,"Размер Одежды",M
7262,Дополнительно,Состояние,Отличное
7262,Дополнительно,"Тип Одежды",Платье
7263,Дополнительно,Состояние,Отличное
7263,Дополнительно,"Тип Сумки",Сумка
7264,Дополнительно,"Размер Одежды",S
7264,Дополнительно,Состояние,Отличное
7265,Дополнительно,"Размер Одежды",S
7265,Дополнительно,Состояние,Отличное
7266,Дополнительно,"Размер Одежды",XL
7266,Дополнительно,Состояние,Отличное
7267,Дополнительно,"Размер Одежды",44
7267,Дополнительно,Состояние,Отличное
7267,Дополнительно,"Тип Одежды",Сарафан
7268,Дополнительно,"Размер Обуви",36.5
7268,Дополнительно,Состояние,Новое
7268,Дополнительно,"Тип Обуви",Босоножки
7269,Дополнительно,"Размер Обуви",36
7269,Дополнительно,Состояние,"В идеальном состоянии"
7269,Дополнительно,"Тип Обуви",Босоножки
7274,Дополнительно,"Размер Одежды",40
7274,Дополнительно,Состояние,Отличное
7274,Дополнительно,"Тип Одежды",Платье
7275,Дополнительно,"Размер Одежды",40
7275,Дополнительно,Состояние,идеальное
7275,Дополнительно,"Тип Одежды",Платье
7276,Дополнительно,"Размер Одежды",40
7276,Дополнительно,Состояние,идеальное
7276,Дополнительно,"Тип Одежды",Платье
7279,Дополнительно,"Размер Одежды",S
7279,Дополнительно,Состояние,Отличное
7279,Дополнительно,"Тип Одежды",Кофта
7280,Дополнительно,"Размер Обуви",37
7280,Дополнительно,Состояние,Отличное
7280,Дополнительно,"Тип Обуви",Сапоги
7281,Дополнительно,"Размер Одежды",L
7281,Дополнительно,Состояние,Отличное
7281,Дополнительно,"Тип Одежды",Кофта
7282,Дополнительно,"Размер Одежды",S
7282,Дополнительно,Состояние,Отличное
7282,Дополнительно,"Тип Одежды",Кофта
7283,Дополнительно,"Размер Одежды","указан L ( реально на M )"
7283,Дополнительно,Состояние,Отличное
7283,Дополнительно,"Тип Верхней Одежды",Куртка
7284,Дополнительно,"Размер Одежды",40
7284,Дополнительно,Состояние,Отличное
7284,Дополнительно,"Тип Одежды",Юбка
7285,Дополнительно,"Размер Обуви",42
7285,Дополнительно,Состояние,Отличное
7285,Дополнительно,"Тип Обуви",Кроссовки
7286,Дополнительно,"Размер Обуви","41 ( немного маломерят )"
7286,Дополнительно,Состояние,Новое
7286,Дополнительно,"Тип Обуви",Туфли
7287,Дополнительно,"Размер Обуви","41 ( немного маломерят )"
7287,Дополнительно,Состояние,Новое
7287,Дополнительно,"Тип Обуви",Туфли
7288,Дополнительно,"Размер Одежды",38
7288,Дополнительно,Состояние,Отличное
7288,Дополнительно,"Тип Одежды",Платье
7289,Дополнительно,"Размер Обуви",40
7289,Дополнительно,Состояние,Отличное
7289,Дополнительно,"Тип Обуви",Туфли
7292,Дополнительно,"Размер Обуви",40
7292,Дополнительно,Состояние,Идеальное
7292,Дополнительно,"Тип Обуви",Сабо
7293,Дополнительно,"Размер Обуви",40
7293,Дополнительно,Состояние,Отличное
7293,Дополнительно,"Тип Обуви",Босоножки
7294,Дополнительно,"Размер Обуви",38.5
7294,Дополнительно,Состояние,Отличное
7294,Дополнительно,"Тип Обуви",Босоножки
7295,Дополнительно,"Размер Обуви",40
7295,Дополнительно,Состояние,Отличное
7295,Дополнительно,"Тип Обуви",Босоножки
7296,Дополнительно,"Размер Обуви",38
7296,Дополнительно,Состояние,Отличное
7296,Дополнительно,"Тип Обуви",Ботильоны
7299,Дополнительно,"Размер Обуви",37
7299,Дополнительно,Состояние,Новое
7299,Дополнительно,"Тип Обуви",Босоножки
7302,Дополнительно,"Размер Обуви",38.5
7302,Дополнительно,Состояние,Идеальное
7302,Дополнительно,"Тип Обуви",Босоножки
7305,Дополнительно,Состояние,Отличное
7305,Дополнительно,"Тип Сумки",Сумка
7306,Дополнительно,"Размер Обуви",38.5
7306,Дополнительно,Состояние,Отличное
7306,Дополнительно,"Тип Обуви",Туфли
7310,Дополнительно,"Размер Обуви",37
7310,Дополнительно,Состояние,идеальное
7310,Дополнительно,"Тип Обуви",Босоножки
7312,Дополнительно,"Размер Одежды",40
7312,Дополнительно,Состояние,Отличное
7312,Дополнительно,"Тип Одежды",Платье
7314,Дополнительно,"Размер Одежды",S
7314,Дополнительно,Состояние,Отличное
7314,Дополнительно,"Тип Одежды",Футболка
7315,Дополнительно,"Размер Обуви",40
7315,Дополнительно,Состояние,Отличное
7315,Дополнительно,"Тип Обуви",Туфли
7316,Дополнительно,"Размер Обуви",37.5
7316,Дополнительно,Состояние,Отличное
7316,Дополнительно,"Тип Обуви",Ботильоны
7317,Дополнительно,"Размер Обуви",38.5
7317,Дополнительно,Состояние,Новое
7317,Дополнительно,"Тип Обуви",Босоножки
7318,Дополнительно,"Размер Обуви",39
7318,Дополнительно,Состояние,Идеальное
7318,Дополнительно,"Тип Обуви","Сапоги Летние"
7319,Дополнительно,"Размер Обуви",38
7319,Дополнительно,Состояние,Идеальное
7319,Дополнительно,"Тип Обуви",Босоножки
7320,Дополнительно,Состояние,Отличное
7320,Дополнительно,"Тип Сумки",Сумка
7322,Дополнительно,Состояние,Отличное
7322,Дополнительно,"Тип Аксессуара",Очки
7323,Дополнительно,Состояние,Отличное
7323,Дополнительно,"Тип Аксессуара",Очки
7326,Дополнительно,"Размер Обуви",36
7326,Дополнительно,Состояние,Новое
7326,Дополнительно,"Тип Обуви","Замшевые Лоферы"
7327,Дополнительно,"Размер Одежды",S
7327,Дополнительно,Состояние,Отличное
7327,Дополнительно,"Тип Одежды",Свитер
7328,Дополнительно,"Размер Одежды",40
7328,Дополнительно,Состояние,Отличное
7328,Дополнительно,"Тип Одежды",Платье
7332,Дополнительно,"Размер Одежды",36
7332,Дополнительно,Состояние,Идеальное
7332,Дополнительно,"Тип Одежды",Платье
7335,Дополнительно,"Размер Одежды",38
7335,Дополнительно,Состояние,Отличное
7335,Дополнительно,"Тип Одежды",Платье
7336,Дополнительно,"Размер Одежды",38
7336,Дополнительно,Состояние,идеальное
7336,Дополнительно,"Тип Одежды",Платье
7338,Дополнительно,Состояние,Отличное
7338,Дополнительно,"Тип Сумки",Сумка
7343,Дополнительно,"Размер Обуви",37
7343,Дополнительно,Состояние,Отличное
7343,Дополнительно,"Тип Обуви",Туфли
7345,Дополнительно,"Размер Обуви",39
7345,Дополнительно,Состояние,Отличное
7345,Дополнительно,"Тип Обуви",Кроссовки
7346,Дополнительно,"Размер Обуви",39
7346,Дополнительно,Состояние,Отличное
7346,Дополнительно,"Тип Обуви",Туфли
7348,Дополнительно,"Размер Одежды",38
7348,Дополнительно,Состояние,Отличное
7348,Дополнительно,"Тип Одежды",Платье
7350,Дополнительно,"Размер Одежды",XS
7350,Дополнительно,Состояние,Отличное
7350,Дополнительно,"Тип Одежды",Кофта
7351,Дополнительно,Состояние,Отличное
7351,Дополнительно,"Тип Сумки",Сумка
7352,Дополнительно,"Размер Одежды",38
7352,Дополнительно,Состояние,Отличное
7352,Дополнительно,"Тип Одежды",Платье
7353,Дополнительно,"Размер Одежды",40
7353,Дополнительно,Состояние,"Идеальное "
7353,Дополнительно,"Тип Одежды",Платье
7354,Дополнительно,"Размер Одежды",40
7354,Дополнительно,Состояние,Идеальное
7354,Дополнительно,"Тип Одежды",Платье
7355,Дополнительно,"Размер Одежды",38
7355,Дополнительно,Состояние,Отличное
7355,Дополнительно,"Тип Одежды",Блузка
7357,Дополнительно,"Размер Обуви",37
7357,Дополнительно,Состояние,Отличное
7357,Дополнительно,"Тип Обуви",Туфли
7358,Дополнительно,"Размер Обуви",36.5
7358,Дополнительно,Состояние,Отличное
7358,Дополнительно,"Тип Обуви",Туфли
7361,Дополнительно,"Размер Обуви",36
7361,Дополнительно,Состояние,Новое
7361,Дополнительно,"Тип Обуви",Туфли
7362,Дополнительно,"Размер Одежды",S
7362,Дополнительно,Состояние,Отличное
7362,Дополнительно,"Тип Одежды",Платье
7363,Дополнительно,"Размер Одежды",36
7363,Дополнительно,Состояние,идеальное
7363,Дополнительно,"Тип Одежды",Блузка
7364,Дополнительно,"Размер Обуви",36
7364,Дополнительно,Состояние,Новое
7364,Дополнительно,"Тип Обуви",Сапоги
7365,Дополнительно,"Размер Обуви",40
7365,Дополнительно,Состояние,Отличное
7365,Дополнительно,"Тип Обуви",Босоножки
7367,Дополнительно,"Размер Одежды",36
7367,Дополнительно,Состояние,Отличное
7367,Дополнительно,"Тип Одежды",Брюки
7368,Дополнительно,"Размер Одежды",36
7368,Дополнительно,Состояние,Отличное
7368,Дополнительно,"Тип Одежды",Джинсы
7369,Дополнительно,"Размер Одежды",38
7369,Дополнительно,Состояние,Отличное
7369,Дополнительно,"Тип Одежды",Джинсы
7371,Дополнительно,"Размер Обуви","по стельке 25.5 см"
7371,Дополнительно,Состояние,Идеальное
7371,Дополнительно,"Тип Обуви",Босоножки
7373,Дополнительно,"Размер Одежды",40
7373,Дополнительно,Состояние,Отличное
7373,Дополнительно,"Тип Одежды",Платье
7374,Дополнительно,"Размер Обуви",39
7374,Дополнительно,Состояние,Отличное
7374,Дополнительно,"Тип Обуви",Балетки
7375,Дополнительно,Состояние,Новое
7375,Дополнительно,"Тип Украшений",Набор
7376,Дополнительно,"Размер Обуви",38
7376,Дополнительно,Состояние,Отличное
7376,Дополнительно,"Тип Обуви",Ботинки
7378,Дополнительно,"Размер Обуви",38
7378,Дополнительно,Состояние,Отличное
7378,Дополнительно,"Тип Обуви",Туфли
7380,Дополнительно,"Размер Одежды",36
7380,Дополнительно,Состояние,Отличное
7380,Дополнительно,"Тип Одежды",Джинсы
7381,Дополнительно,Состояние,идеальное
7381,Дополнительно,"Тип Сумки",Сумка
7384,Дополнительно,"Размер Обуви",40
7384,Дополнительно,Состояние,Отличное
7384,Дополнительно,"Тип Обуви",Туфли
7387,Дополнительно,"Размер Обуви",39.5
7387,Дополнительно,Состояние,Отличное
7387,Дополнительно,"Тип Обуви",Туфли
7388,Дополнительно,"Размер Обуви",39
7388,Дополнительно,Состояние,Отличное
7388,Дополнительно,"Тип Обуви",Туфли
7389,Дополнительно,"Размер Обуви",40
7389,Дополнительно,Состояние,Отличное
7389,Дополнительно,"Тип Обуви",Туфли
7391,Дополнительно,Состояние,Новое
7391,Дополнительно,"Тип Украшений",Браслет
7392,Дополнительно,"Размер Обуви",36
7392,Дополнительно,Состояние,Отличное
7392,Дополнительно,"Тип Обуви",Босоножки
7393,Дополнительно,"Размер Обуви",36
7393,Дополнительно,Состояние,Отличное
7393,Дополнительно,"Тип Обуви",Ботильоны
7396,Дополнительно,"Размер Обуви","По Стельке 25 См"
7396,Дополнительно,Состояние,Отличное
7396,Дополнительно,"Тип Обуви",Кеды
7397,Дополнительно,"Размер Обуви",37
7397,Дополнительно,Состояние,Отличное
7397,Дополнительно,"Тип Обуви",Туфли
7399,Дополнительно,"Размер Одежды",L
7399,Дополнительно,Состояние,Отличное
7399,Дополнительно,"Тип Одежды",Свитшот
7401,Дополнительно,"Размер Обуви",36.5
7401,Дополнительно,Состояние,Отличное
7401,Дополнительно,"Тип Обуви",Босоножки
7406,Дополнительно,"Размер Обуви",37.5
7406,Дополнительно,Состояние,Отличное
7406,Дополнительно,"Тип Обуви",Босоножки
7407,Дополнительно,Состояние,Отличное
7407,Дополнительно,"Тип Сумки","Большая Сумка. Shopper "
7408,Дополнительно,Состояние,Идеальное
7408,Дополнительно,"Тип Сумки",Сумка
7409,Дополнительно,Состояние,Отличное
7409,Дополнительно,"Тип Сумки",Сумка
7416,Дополнительно,Состояние,Отличное
7416,Дополнительно,"Тип Аксессуара",Ремень
7417,Дополнительно,Состояние,Отличное
7417,Дополнительно,"Тип Аксессуара",Ремень
7420,Дополнительно,"Размер Одежды",40
7420,Дополнительно,Состояние,Идеальное
7420,Дополнительно,"Тип Одежды",Платье
7424,Дополнительно,"Размер Одежды",S
7424,Дополнительно,Состояние,Отличное
7424,Дополнительно,"Тип Одежды",Майка
7425,Дополнительно,"Размер Одежды",S
7425,Дополнительно,Состояние,Отличное
7425,Дополнительно,"Тип Одежды",Майка
7426,Дополнительно,"Размер Одежды",S
7426,Дополнительно,Состояние,Отличное
7426,Дополнительно,"Тип Одежды",Майка
7427,Дополнительно,"Размер Одежды",M
7427,Дополнительно,Состояние,Отличное
7427,Дополнительно,"Тип Одежды",Футболка
7428,Дополнительно,"Размер Одежды",M
7428,Дополнительно,Состояние,Отличное
7428,Дополнительно,"Тип Одежды",Футболка
7429,Дополнительно,"Размер Одежды",38
7429,Дополнительно,Состояние,Отличное
7429,Дополнительно,"Тип Одежды",Майка
7431,Дополнительно,"Размер Обуви",40
7431,Дополнительно,Состояние,Отличное
7431,Дополнительно,"Тип Обуви",Кроссовки
7432,Дополнительно,Состояние,Отличное
7432,Дополнительно,"Тип Аксессуара",Часы
7434,Дополнительно,Состояние,Отличное
7434,Дополнительно,"Тип Аксессуара",Часы
7435,Дополнительно,"Размер Одежды",S
7435,Дополнительно,Состояние,Отличное
7435,Дополнительно,"Тип Верхней Одежды","Кожаная Куртка"
7441,Дополнительно,Состояние,Идеальное
7441,Дополнительно,"Тип Сумки",Сумка
7443,Дополнительно,"Размер Обуви",37.5
7443,Дополнительно,Состояние,Отличное
7443,Дополнительно,"Тип Обуви",Балетки
7446,Дополнительно,"Размер Одежды",S
7446,Дополнительно,Состояние,Отличное
7446,Дополнительно,"Тип Одежды",Платье
7447,Дополнительно,"Размер Одежды",S
7447,Дополнительно,Состояние,Идеальное
7447,Дополнительно,"Тип Одежды",Платье
7448,Дополнительно,"Размер Одежды",44
7448,Дополнительно,Состояние,Идеальное
7448,Дополнительно,"Тип Одежды",Платье
7449,Дополнительно,"Размер Одежды",38
7449,Дополнительно,Состояние,Идеальное
7449,Дополнительно,"Тип Одежды",Рубашка
7450,Дополнительно,"Размер Одежды",40
7450,Дополнительно,Состояние,Отличное
7450,Дополнительно,"Тип Одежды",Джинсы
7451,Дополнительно,"Размер Одежды",XS
7451,Дополнительно,Состояние,Идеальное
7451,Дополнительно,"Тип Одежды",Платье
7452,Дополнительно,"Размер Одежды",38
7452,Дополнительно,Состояние,Идеальное
7452,Дополнительно,"Тип Одежды",Юбка
7453,Дополнительно,"Размер Обуви",39.5
7453,Дополнительно,Состояние,Идеальное
7453,Дополнительно,"Тип Обуви",Кроссовки
7456,Дополнительно,"Размер Одежды",S
7456,Дополнительно,Состояние,Отличное
7456,Дополнительно,"Тип Одежды",Джинсы
7458,Дополнительно,"Размер Обуви",40
7458,Дополнительно,Состояние,Отличное
7458,Дополнительно,"Тип Обуви",Балетки
7459,Дополнительно,"Размер Обуви",38.5
7459,Дополнительно,Состояние,Отличное
7459,Дополнительно,"Тип Обуви",Туфли
7462,Дополнительно,"Размер Обуви",40
7462,Дополнительно,Состояние,Отличное
7462,Дополнительно,"Тип Обуви",Сабо
7470,Дополнительно,"Размер Одежды",38
7470,Дополнительно,Состояние,Отличное
7470,Дополнительно,"Тип Одежды",Платье
7471,Дополнительно,"Размер Обуви",37.5
7471,Дополнительно,Состояние,Идеальное
7471,Дополнительно,"Тип Обуви",Эспадрильи
7473,Дополнительно,"Размер Одежды",S
7473,Дополнительно,Состояние,Идеальное
7473,Дополнительно,"Тип Одежды",Платье
7476,Дополнительно,"Размер Обуви",40C
7476,Дополнительно,Состояние,Новое
7476,Дополнительно,"Тип Обуви",Туфли
7477,Дополнительно,"Размер Одежды",36
7477,Дополнительно,Состояние,Отличное
7477,Дополнительно,"Тип Одежды",Штаны
7478,Дополнительно,Состояние,Новое
7478,Дополнительно,"Тип Аксессуара","Перчатки и Шапка"
7479,Дополнительно,Состояние,Идеальное
7479,Дополнительно,"Тип Аксессуара",Шарф
7480,Дополнительно,"Размер Обуви",36
7480,Дополнительно,Состояние,Идеальное
7480,Дополнительно,"Тип Обуви",Кроссовки
7482,Дополнительно,"Размер Одежды",S
7482,Дополнительно,Состояние,Отличное
7482,Дополнительно,"Тип Верхней Одежды",Куртка
7483,Дополнительно,"Размер Одежды",40
7483,Дополнительно,Состояние,Отличное
7483,Дополнительно,"Тип Одежды",Джинсы
7484,Дополнительно,"Размер Одежды",M
7484,Дополнительно,Состояние,Отличное
7484,Дополнительно,"Тип Верхней Одежды",Полушубок
7485,Дополнительно,"Размер Обуви",37
7485,Дополнительно,Состояние,"Состояние Новых"
7485,Дополнительно,"Тип Обуви",Слипоны
7486,Дополнительно,"Размер Одежды",S
7486,Дополнительно,Состояние,Отличное
7486,Дополнительно,"Тип Верхней Одежды",Полушубок
7487,Дополнительно,"Размер Одежды",38
7487,Дополнительно,Состояние,Отличное
7487,Дополнительно,"Тип Одежды",Юбка
7488,Дополнительно,Состояние,Отличное
7488,Дополнительно,"Тип Сумки",Сумка
7489,Дополнительно,"Размер Одежды",6.5
7489,Дополнительно,Состояние,Отличное
7489,Дополнительно,"Тип Обуви",Сапоги
7492,Дополнительно,"Размер Обуви",38
7492,Дополнительно,Состояние,Отличное
7492,Дополнительно,"Тип Обуви",Кеды
7493,Дополнительно,Состояние,Отличное
7493,Дополнительно,"Тип Сумки",Сумка
7494,Дополнительно,"Размер Обуви",38.5
7494,Дополнительно,Состояние,Идеальное
7494,Дополнительно,"Тип Обуви",Босоножки
7497,Дополнительно,"Размер Одежды",40
7497,Дополнительно,Состояние,Идеальное
7497,Дополнительно,"Тип Верхней Одежды","Кожаная Куртка"
7498,Дополнительно,"Размер Обуви",37
7498,Дополнительно,Состояние,Отличное
7498,Дополнительно,"Тип Обуви","Ботфорты "
7500,Дополнительно,"Размер Одежды",40
7500,Дополнительно,Состояние,Отличное
7500,Дополнительно,"Тип Одежды",Туника
7501,Дополнительно,"Размер Одежды",38
7501,Дополнительно,Состояние,Отличное
7501,Дополнительно,"Тип Одежды",Джинсы
7502,Дополнительно,Состояние,Идеальное
7502,Дополнительно,"Тип Сумки",Сумка
7503,Дополнительно,"Размер Одежды",36
7503,Дополнительно,Состояние,Отличное
7503,Дополнительно,"Тип Верхней Одежды",Пальто
7504,Дополнительно,"Размер Одежды",38
7504,Дополнительно,Состояние,Отличное
7504,Дополнительно,"Тип Одежды",Джинсы
7506,Дополнительно,"Размер Одежды",42
7506,Дополнительно,Состояние,Отличное
7506,Дополнительно,"Тип Верхней Одежды",Пуховик
7507,Дополнительно,Состояние,Отличное
7507,Дополнительно,"Тип Аксессуара",Ремень
7509,Дополнительно,Состояние,Отличное
7509,Дополнительно,"Тип Аксессуара",Ремень
7514,Дополнительно,"Размер Одежды",S
7514,Дополнительно,Состояние,Отличное
7514,Дополнительно,"Тип Верхней Одежды","Кожаная Куртка"
7517,Дополнительно,"Размер Одежды",S
7517,Дополнительно,Состояние,Отличное
7517,Дополнительно,"Тип Одежды",Майка
7519,Дополнительно,"Размер Обуви",38
7519,Дополнительно,Состояние,Отличное
7519,Дополнительно,"Тип Обуви",Ботфорты
7522,Дополнительно,"Размер Обуви",36.5
7522,Дополнительно,Состояние,Отличное
7522,Дополнительно,"Тип Обуви",Ботильоны
7524,Дополнительно,"Размер Обуви",36.5
7524,Дополнительно,Состояние,Отличное
7524,Дополнительно,"Тип Обуви",Балетки
7525,Дополнительно,Состояние,Идеальное
7525,Дополнительно,"Тип Аксессуара",Берет
7526,Дополнительно,Состояние,Отличное
7526,Дополнительно,"Тип Аксессуара",Пояс
7528,Дополнительно,"Размер Обуви",38.5
7528,Дополнительно,Состояние,Отличное
7528,Дополнительно,"Тип Обуви",Туфли
7529,Дополнительно,Состояние,Отличное
7529,Дополнительно,"Тип Сумки",Сумка
7530,Дополнительно,Состояние,Новое
7530,Дополнительно,"Тип Аксессуара",Очки
7531,Дополнительно,"Размер Одежды",40
7531,Дополнительно,Состояние,Отличное
7531,Дополнительно,"Тип Верхней Одежды","Легкий Пуховик"
7532,Дополнительно,"Размер Одежды",36
7532,Дополнительно,Состояние,Новое
7532,Дополнительно,"Тип Одежды",Юбка
7533,Дополнительно,"Размер Обуви",39
7533,Дополнительно,Состояние,Новое
7533,Дополнительно,"Тип Обуви",Босоножки
7534,Дополнительно,"Размер Одежды",38
7534,Дополнительно,Состояние,Отличное
7534,Дополнительно,"Тип Верхней Одежды",Пальто
7537,Дополнительно,Состояние,Идеальное
7537,Дополнительно,"Тип Сумки",Сумка
7539,Дополнительно,"Размер Обуви",37.5
7539,Дополнительно,Состояние,Отличное
7539,Дополнительно,"Тип Обуви",Сапоги
7540,Дополнительно,"Размер Обуви",36.5
7540,Дополнительно,Состояние,Отличное
7540,Дополнительно,"Тип Обуви",Туфли
7542,Дополнительно,Состояние,Отличное
7542,Дополнительно,"Тип Сумки","Спортивная Сумка"
7543,Дополнительно,"Размер Одежды",38
7543,Дополнительно,Состояние,Отличное
7543,Дополнительно,"Тип Верхней Одежды",Шуба-Жилетка
7544,Дополнительно,"Размер Одежды",S
7544,Дополнительно,Состояние,Новое
7544,Дополнительно,"Тип Одежды",Жилетка
7545,Дополнительно,Состояние,Идеальное
7545,Дополнительно,"Тип Сумки",Сумка
7546,Дополнительно,"Размер Одежды",36-38
7546,Дополнительно,Состояние,Идеальное
7546,Дополнительно,"Тип Верхней Одежды","Норковая Шуба"
7547,Дополнительно,"Размер Одежды",S
7547,Дополнительно,Состояние,Отличное
7547,Дополнительно,"Тип Одежды",Жилетка
7548,Дополнительно,"Размер Одежды",S
7548,Дополнительно,Состояние,Отличное
7548,Дополнительно,"Тип Верхней Одежды",Куртка-Пуховик
7549,Дополнительно,"Размер Обуви",40
7549,Дополнительно,Состояние,Отличное
7549,Дополнительно,"Тип Обуви",Ботильоны
7551,Дополнительно,Состояние,Отличное
7551,Дополнительно,"Тип Сумки",Сумка
7552,Дополнительно,"Размер Одежды",42
7552,Дополнительно,Состояние,Отличное
7552,Дополнительно,"Тип Верхней Одежды",Шуба
7553,Дополнительно,"Размер Одежды",S
7553,Дополнительно,Состояние,Отличное
7553,Дополнительно,"Тип Верхней Одежды",Шуба
7554,Дополнительно,Состояние,Отличное
7554,Дополнительно,"Тип Обуви",Полусапожки
7555,Дополнительно,"Размер Одежды",38
7555,Дополнительно,Состояние,Отличное
7555,Дополнительно,"Тип Верхней Одежды",Дубленка
7556,Дополнительно,"Размер Обуви",39.5
7556,Дополнительно,Состояние,"Обуты Пару Раз"
7556,Дополнительно,"Тип Обуви",Ботфорты
7558,Дополнительно,Состояние,Отличное
7558,Дополнительно,"Тип Сумки",Сумка
7559,Дополнительно,"Размер Обуви",40
7559,Дополнительно,Состояние,Идеальное
7559,Дополнительно,"Тип Обуви",Ботильоны
7560,Дополнительно,"Размер Одежды",L
7560,Дополнительно,Состояние,Идеальное
7561,Дополнительно,Состояние,Отличное
7561,Дополнительно,"Тип Сумки",Сумка
7562,Дополнительно,"Размер Обуви","37 ( Маломерят на 36.5 )"
7562,Дополнительно,Состояние,Отличное
7562,Дополнительно,"Тип Обуви",Ботильоны
7563,Дополнительно,"Размер Обуви",37.5
7563,Дополнительно,Состояние,Отличное
7563,Дополнительно,"Тип Обуви",Полусапожки
7564,Дополнительно,"Размер Одежды",36
7564,Дополнительно,Состояние,Идеальное
7564,Дополнительно,"Тип Одежды",Кофта
7565,Дополнительно,Состояние,Идеальное
7565,Дополнительно,"Тип Украшений",Бусы
7566,Дополнительно,"Размер Обуви",38
7566,Дополнительно,Состояние,Новое
7566,Дополнительно,"Тип Обуви","Демисезонные Сапоги"
7567,Дополнительно,"Размер Одежды",27
7567,Дополнительно,Состояние,Отличное
7567,Дополнительно,"Тип Одежды",Джинсы
7568,Дополнительно,"Размер Одежды",28
7568,Дополнительно,Состояние,Отличное
7568,Дополнительно,"Тип Одежды",Джинсы
7569,Дополнительно,Пол,Унисекс
7569,Дополнительно,"Размер Одежды","На Возраст 12 лет, рост 154см"
7569,Дополнительно,Состояние,Отличное
7570,Дополнительно,"Размер Обуви",40
7570,Дополнительно,Состояние,Идеальное
7570,Дополнительно,"Тип Обуви",Туфли
7571,Дополнительно,Состояние,Идеальное
7571,Дополнительно,"Тип Аксессуара",Очки
7573,Дополнительно,Состояние,"Идеальное Состояние"
7573,Дополнительно,"Тип Украшений",Брошь
7574,Дополнительно,"Размер Обуви",37
7574,Дополнительно,Состояние,Отличное
7574,Дополнительно,"Тип Обуви",Туфли
7575,Дополнительно,"Размер Обуви",38.5
7575,Дополнительно,Состояние,Идеальное
7575,Дополнительно,"Тип Обуви",Туфли
7576,Дополнительно,Состояние,Идеальное
7576,Дополнительно,"Тип Сумки",Сумка
7577,Дополнительно,Состояние,Отличное
7577,Дополнительно,"Тип Украшений",Клипсы
7578,Дополнительно,"Размер Обуви",37
7578,Дополнительно,Состояние,Отличное
7578,Дополнительно,"Тип Обуви",Сапоги
7579,Дополнительно,"Размер Одежды",42
7579,Дополнительно,Состояние,Отличное
7579,Дополнительно,"Тип Верхней Одежды",Пуховик
7580,Дополнительно,"Размер Обуви","40.5 ( Маломерят на Пол Размера )"
7580,Дополнительно,Состояние,Отличное
7580,Дополнительно,"Тип Обуви",Сапоги
7581,Дополнительно,Состояние,"Идеальное. Без Следов Носки"
7581,Дополнительно,"Тип Сумки",Сумка
7582,Дополнительно,"Размер Обуви",36.5
7582,Дополнительно,Состояние,Отличное
7582,Дополнительно,"Тип Обуви",Ботинки
7583,Дополнительно,"Размер Одежды",38
7583,Дополнительно,Состояние,Отличное
7583,Дополнительно,"Тип Одежды",Платье
7584,Дополнительно,Состояние,Отличное
7584,Дополнительно,"Тип Сумки",Сумка
7585,Дополнительно,"Размер Обуви",40
7585,Дополнительно,Состояние,Новое
7585,Дополнительно,"Тип Обуви",Сникерсы
7586,Дополнительно,"Размер Обуви",37
7586,Дополнительно,Состояние,Отличное
7586,Дополнительно,"Тип Обуви",Ботфорты
7587,Дополнительно,"Размер Обуви",38
7587,Дополнительно,Состояние,Идеальное
7587,Дополнительно,"Тип Обуви",Ботинки
7588,Дополнительно,"Размер Обуви",35.5
7588,Дополнительно,Состояние,Идеальное
7588,Дополнительно,"Тип Обуви",Ботинки
7589,Дополнительно,"Размер Обуви","37 ( Реально на 38 )"
7589,Дополнительно,Состояние,Отличное
7589,Дополнительно,"Тип Обуви",Ботинки
7590,Дополнительно,"Размер Одежды",44
7590,Дополнительно,Состояние,Отличное
7590,Дополнительно,"Тип Верхней Одежды",Куртка
7591,Дополнительно,"Размер Обуви",38C
7591,Дополнительно,Состояние,Отличное
7591,Дополнительно,"Тип Обуви",Ботинки
7592,Дополнительно,Состояние,Идеальное
7592,Дополнительно,"Тип Аксессуара","Мужской Кошелек"
7593,Дополнительно,"Размер Одежды",M
7593,Дополнительно,Состояние,Идеальное
7593,Дополнительно,"Тип Одежды",Кофта
7594,Дополнительно,"Размер Обуви",38
7594,Дополнительно,Состояние,Новое
7594,Дополнительно,"Тип Обуви",Сапоги
7595,Дополнительно,"Размер Одежды",38
7595,Дополнительно,Состояние,Отличное
7595,Дополнительно,"Тип Одежды",Кофта
7596,Дополнительно,"Размер Обуви",44
7596,Дополнительно,Состояние,Новое
7597,Дополнительно,"Размер Одежды",50
7597,Дополнительно,Состояние,Идеальное
7598,Дополнительно,"Размер Одежды",XL
7598,Дополнительно,Состояние,Отличное
7599,Дополнительно,"Размер Обуви",40
7599,Дополнительно,Состояние,Новое
7599,Дополнительно,"Тип Обуви",Сапоги
7600,Дополнительно,"Размер Одежды",M
7600,Дополнительно,Состояние,Отличное
7600,Дополнительно,"Тип Верхней Одежды",Шуба
7601,Дополнительно,"Размер Одежды",40
7601,Дополнительно,Состояние,Отличное
7601,Дополнительно,"Тип Верхней Одежды",Шуба
7602,Дополнительно,Состояние,Идеальное
7602,Дополнительно,"Тип Сумки",Сумка
7603,Дополнительно,Состояние,Отличное
7603,Дополнительно,"Тип Сумки",Сумка
7604,Дополнительно,"Размер Одежды",38
7604,Дополнительно,Состояние,Отличное
7604,Дополнительно,"Тип Одежды",Платье
7605,Дополнительно,Состояние,Новое
7605,Дополнительно,"Тип Верхней Одежды",3XL
7606,Дополнительно,Состояние,Идеальное
7606,Дополнительно,"Тип Сумки",Рюкзак
7607,Дополнительно,Состояние,Идеальное
7607,Дополнительно,"Тип Сумки","Кожаный Рюкзак"
7608,Дополнительно,Состояние,Отличное
7608,Дополнительно,"Тип Аксессуара","Бархатная Сумка"
7609,Дополнительно,Состояние,Отличное
7609,Дополнительно,"Тип Сумки",Сумка
7611,Дополнительно,"Размер Одежды","Указан 56 ( реально на 52 )"
7611,Дополнительно,Состояние,Идеальное
7612,Дополнительно,"Размер Одежды",S
7612,Дополнительно,Состояние,Идеальное
7612,Дополнительно,"Тип Одежды",Кофта
7613,Дополнительно,Состояние,Отличное
7613,Дополнительно,"Тип Сумки",Сумка
7614,Дополнительно,"Размер Обуви",38
7614,Дополнительно,Состояние,Новое
7614,Дополнительно,"Тип Обуви","Зимние Кеды"
7615,Дополнительно,Состояние,Идеальное
7615,Дополнительно,"Тип Аксессуара",Ремень
7616,Дополнительно,Состояние,Идеальное
7616,Дополнительно,"Тип Аксессуара",Ремень
7617,Дополнительно,"Размер Обуви",40
7617,Дополнительно,Состояние,Отличное
7617,Дополнительно,"Тип Обуви",Сапоги
7618,Дополнительно,Состояние,Отличное
7618,Дополнительно,"Тип Аксессуара","Брелок на Сумку"
7619,Дополнительно,Состояние,Идеальное
7619,Дополнительно,"Тип Сумки",Сумка
7620,Дополнительно,Состояние,Отличное
7620,Дополнительно,"Тип Сумки",Сумка
7621,Дополнительно,"Размер Обуви",39.5
7621,Дополнительно,Состояние,Отличное
7621,Дополнительно,"Тип Обуви",Кеды
7622,Дополнительно,Состояние,Отличное
7623,Дополнительно,Состояние,Отличное
7623,Дополнительно,"Тип Сумки",Сумка
7624,Дополнительно,"Размер Одежды",M
7624,Дополнительно,Состояние,Идеальное
7624,Дополнительно,"Тип Верхней Одежды",Пуховик
7625,Дополнительно,"Размер Обуви",38
7625,Дополнительно,Состояние,Отличное
7625,Дополнительно,"Тип Обуви",Сапоги
7626,Дополнительно,"Размер Одежды",M-L
7626,Дополнительно,Состояние,Отличное
7626,Дополнительно,"Тип Верхней Одежды",Шуба
7627,Дополнительно,"Размер Обуви",38.5
7627,Дополнительно,Состояние,Отличное
7627,Дополнительно,"Тип Обуви",Сапоги
7628,Дополнительно,"Размер Одежды",40
7628,Дополнительно,Состояние,Отличное
7628,Дополнительно,"Тип Одежды",Платье
7629,Дополнительно,"Размер Одежды",S
7629,Дополнительно,Состояние,Отличное
7629,Дополнительно,"Тип Верхней Одежды",Дубленка
7630,Дополнительно,Состояние,Отличное
7630,Дополнительно,"Тип Сумки",Сумка
7631,Дополнительно,Состояние,Отличное
7631,Дополнительно,"Тип Сумки",Сумка
7635,Дополнительно,"Размер Обуви",40.5
7635,Дополнительно,Состояние,Идеальное
7635,Дополнительно,"Тип Обуви",Шлепанцы
7637,Дополнительно,"Размер Обуви",39
7637,Дополнительно,Состояние,Отличное
7637,Дополнительно,"Тип Обуви",Кеды
7638,Дополнительно,"Размер Обуви",39
7638,Дополнительно,Состояние,Отличное
7638,Дополнительно,"Тип Обуви",Шлепанцы
7639,Дополнительно,"Размер Обуви",39
7639,Дополнительно,Состояние,Отличное
7639,Дополнительно,"Тип Обуви",Босоножки
7640,Дополнительно,"Размер Обуви",38.5
7640,Дополнительно,Состояние,Хорошее
7640,Дополнительно,"Тип Обуви",Туфли
7641,Дополнительно,Состояние,Отличное
7641,Дополнительно,"Тип Сумки",Сумка
7644,Дополнительно,Состояние,Идеальное
7644,Дополнительно,"Тип Сумки",Сумка
7645,Дополнительно,"Размер Одежды",36
7645,Дополнительно,Состояние,Идеальное
7645,Дополнительно,"Тип Верхней Одежды",Пиджак
7646,Дополнительно,"Размер Одежды",40
7646,Дополнительно,Состояние,Отличное
7646,Дополнительно,"Тип Верхней Одежды",Пуховик
7647,Дополнительно,"Размер Одежды",M
7647,Дополнительно,Состояние,Отличное
7647,Дополнительно,"Тип Одежды",Жилетка
7649,Дополнительно,"Размер Обуви",40
7649,Дополнительно,Состояние,Отличное
7649,Дополнительно,"Тип Обуви",Ботинки
7650,Дополнительно,Состояние,Идеальное
7650,Дополнительно,"Тип Сумки",Сумка
7651,Дополнительно,"Размер Одежды",40
7651,Дополнительно,Состояние,Идеальное
7651,Дополнительно,"Тип Верхней Одежды",Куртка
7653,Дополнительно,"Размер Одежды",XS
7653,Дополнительно,Состояние,Хорошее
7653,Дополнительно,"Тип Верхней Одежды",Куртка
7654,Дополнительно,Состояние,Отличное
7654,Дополнительно,"Тип Сумки",Рюкзак
7655,Дополнительно,Состояние,Отличное
7655,Дополнительно,"Тип Сумки",Сумка
7656,Дополнительно,"Размер Обуви",37
7656,Дополнительно,Состояние,Хорошее
7656,Дополнительно,"Тип Обуви",Ботильоны
7657,Дополнительно,Состояние,Отличное
7657,Дополнительно,"Тип Сумки",Сумка
7658,Дополнительно,Состояние,Отличное
7658,Дополнительно,"Тип Сумки",Сумка
7659,Дополнительно,Состояние,Отличное
7659,Дополнительно,"Тип Сумки",Сумка
7660,Дополнительно,"Размер Одежды",L
7660,Дополнительно,Состояние,Отличное
7660,Дополнительно,"Тип Верхней Одежды",Куртка
7661,Дополнительно,"Размер Одежды",S
7661,Дополнительно,Состояние,Отличное
7661,Дополнительно,"Тип Одежды",Юбка
7662,Дополнительно,"Размер Одежды",S
7662,Дополнительно,Состояние,Отличное
7662,Дополнительно,"Тип Одежды",Свитер
7663,Дополнительно,"Размер Одежды",S
7663,Дополнительно,Состояние,Отличное
7663,Дополнительно,"Тип Одежды",Свитер
7665,Дополнительно,Состояние,Отличное
7665,Дополнительно,"Тип Сумки",Сумка
7666,Дополнительно,"Размер Одежды",M
7666,Дополнительно,Состояние,Отличное
7666,Дополнительно,"Тип Верхней Одежды",Дубленка
7667,Дополнительно,Состояние,Отличное
7667,Дополнительно,"Тип Верхней Одежды",Пальто
7668,Дополнительно,"Размер Одежды",L
7668,Дополнительно,Состояние,Отличное
7668,Дополнительно,"Тип Одежды",Реглан
7669,Дополнительно,"Размер Обуви",38
7669,Дополнительно,Состояние,Отличное
7669,Дополнительно,"Тип Обуви",Туфли
7670,Дополнительно,"Размер Обуви",38.5
7670,Дополнительно,Состояние,Идеальное
7670,Дополнительно,"Тип Обуви",Туфли
7673,Дополнительно,"Размер Обуви",40
7673,Дополнительно,Состояние,Отличное
7673,Дополнительно,"Тип Обуви",Босоножки
7675,Дополнительно,"Размер Обуви",37
7675,Дополнительно,Состояние,Отличное
7675,Дополнительно,"Тип Обуви",Туфли
7676,Дополнительно,"Размер Обуви",39
7676,Дополнительно,Состояние,Новое
7676,Дополнительно,"Тип Обуви",Шлепанцы
7694,Дополнительно,Пол,Девочка
7694,Дополнительно,Состояние,Отличное
7694,Дополнительно,"Тип Аксессуара",Часы
